ticker,owner,release_date
HOPPR,,2026-03-06
BRIDE,Shrikant,2026-03-06
PRJHM,,2026-03-20
RONO2,,2026-03-20
MARI2,,2026-04-01
TDRAM,,2026-04-03
MJACK,,2026-04-24
PRAD2,,2026-05-01
MKMB2,,2026-05-08
3BAGF,,2026-05-08
SWAR3,,2026-05-22
HEMAN,,2026-06-05
ANFRN,,2026-06-05
SKIES,,2026-06-12
TOYS5,,2026-06-19
TDORH,,2026-06-19
SUPGR,,2026-06-26
MNIO3,,2026-07-01
MOAN1,,2026-07-10
ODYSE,,2026-07-17
SPID9,,2026-07-31
FLWVS,,2026-08-14
PAWP3,,2026-08-14
DOGST,,2026-08-28
CVACM,,2026-08-28
HTRAB,,2026-09-04
CLAYF,,2026-10-23
PRAC2,,2026-09-11
RESE8,,2026-09-18
FRGIS,,2026-09-25
DIGER,,2026-10-02
SOCI2,,2026-10-09
STFTR,,2026-10-16
TCATH,,2026-11-06
ACRNS,,2026-11-13
EBNZR,,2026-11-13
HGAM6,,2026-11-20
HEXED,,2026-11-25
MPRN4,,2026-11-25
JUMN3,,2026-12-11
AVNG5,,2026-12-18
DUNE3,,2026-12-18
